Internal_ID;Species;scientificName;scientificNameID;occurenceStatus;Farm;Season;Growin stage;Location;Value
F1S1G1L1;M. halterata;Megaselia halterata ;https://www.gbif.org/species/9689691;absent;1;1;1;1;0
F1S1G1L2;M. halterata;Megaselia halterata ;https://www.gbif.org/species/9689691;absent;1;1;1;2;0
F1S1G1L3;M. halterata;Megaselia halterata ;https://www.gbif.org/species/9689691;absent;1;1;1;3;0
F1S1G2L1;M. halterata;Megaselia halterata ;https://www.gbif.org/species/9689691;present;1;1;2;1;2.2
F1S1G2L2;M. halterata;Megaselia halterata ;https://www.gbif.org/species/9689691;present;1;1;2;2;1.8
F1S1G2L3;M. halterata;Megaselia halterata ;https://www.gbif.org/species/9689691;present;1;1;2;3;10.5
F1S1G3L1;M. halterata;Megaselia halterata ;https://www.gbif.org/species/9689691;present;1;1;3;1;12
F1S1G3L2;M. halterata;Megaselia halterata ;https://www.gbif.org/species/9689691;present;1;1;3;2;10.3
F1S1G3L3;M. halterata;Megaselia halterata ;https://www.gbif.org/species/9689691;present;1;1;3;3;27.6
F1S1G4L1;M. halterata;Megaselia halterata ;https://www.gbif.org/species/9689691;present;1;1;4;1;9.4
F1S1G4L2;M. halterata;Megaselia halterata ;https://www.gbif.org/species/9689691;present;1;1;4;2;19
F1S1G4L3;M. halterata;Megaselia halterata ;https://www.gbif.org/species/9689691;present;1;1;4;3;57.4
F1S1G5L1;M. halterata;Megaselia halterata ;https://www.gbif.org/species/9689691;present;1;1;5;1;42
F1S1G5L2;M. halterata;Megaselia halterata ;https://www.gbif.org/species/9689691;present;1;1;5;2;99
F1S1G5L3;M. halterata;Megaselia halterata ;https://www.gbif.org/species/9689691;present;1;1;5;3;272.5
F1S1G6L1;M. halterata;Megaselia halterata ;https://www.gbif.org/species/9689691;present;1;1;6;1;309.6
F1S1G6L2;M. halterata;Megaselia halterata ;https://www.gbif.org/species/9689691;present;1;1;6;2;540.8
F1S1G6L3;M. halterata;Megaselia halterata ;https://www.gbif.org/species/9689691;present;1;1;6;3;921.2
F1S1G7L1;M. halterata;Megaselia halterata ;https://www.gbif.org/species/9689691;present;1;1;7;1;212.4
F1S1G7L2;M. halterata;Megaselia halterata ;https://www.gbif.org/species/9689691;present;1;1;7;2;322.8
F1S1G7L3;M. halterata;Megaselia halterata ;https://www.gbif.org/species/9689691;present;1;1;7;3;595.6
F1S1G8L1;M. halterata;Megaselia halterata ;https://www.gbif.org/species/9689691;present;1;1;8;1;111
F1S1G8L2;M. halterata;Megaselia halterata ;https://www.gbif.org/species/9689691;present;1;1;8;2;185.5
F1S1G8L3;M. halterata;Megaselia halterata ;https://www.gbif.org/species/9689691;present;1;1;8;3;543.5
F1S1G9L1;M. halterata;Megaselia halterata ;https://www.gbif.org/species/9689691;present;1;1;9;1;107.9
F1S1G9L2;M. halterata;Megaselia halterata ;https://www.gbif.org/species/9689691;present;1;1;9;2;140.4
F1S1G9L3;M. halterata;Megaselia halterata ;https://www.gbif.org/species/9689691;present;1;1;9;3;256.6
F2S1G1L1;M. halterata;Megaselia halterata ;https://www.gbif.org/species/9689691;absent;2;1;1;1;0
F2S1G1L2;M. halterata;Megaselia halterata ;https://www.gbif.org/species/9689691;absent;2;1;1;2;0
F2S1G1L3;M. halterata;Megaselia halterata ;https://www.gbif.org/species/9689691;present;2;1;1;3;1
F2S1G2L1;M. halterata;Megaselia halterata ;https://www.gbif.org/species/9689691;present;2;1;2;1;5.8
F2S1G2L2;M. halterata;Megaselia halterata ;https://www.gbif.org/species/9689691;present;2;1;2;2;6.2
F2S1G2L3;M. halterata;Megaselia halterata ;https://www.gbif.org/species/9689691;present;2;1;2;3;21
F2S1G3L1;M. halterata;Megaselia halterata ;https://www.gbif.org/species/9689691;present;2;1;3;1;11.3
F2S1G3L2;M. halterata;Megaselia halterata ;https://www.gbif.org/species/9689691;present;2;1;3;2;13.1
F2S1G3L3;M. halterata;Megaselia halterata ;https://www.gbif.org/species/9689691;present;2;1;3;3;25.4
F2S1G4L1;M. halterata;Megaselia halterata ;https://www.gbif.org/species/9689691;present;2;1;4;1;10.8
F2S1G4L2;M. halterata;Megaselia halterata ;https://www.gbif.org/species/9689691;present;2;1;4;2;14.5
F2S1G4L3;M. halterata;Megaselia halterata ;https://www.gbif.org/species/9689691;present;2;1;4;3;50.7
F2S1G5L1;M. halterata;Megaselia halterata ;https://www.gbif.org/species/9689691;present;2;1;5;1;2.6
F2S1G5L2;M. halterata;Megaselia halterata ;https://www.gbif.org/species/9689691;present;2;1;5;2;3.2
F2S1G5L3;M. halterata;Megaselia halterata ;https://www.gbif.org/species/9689691;present;2;1;5;3;25.6
F2S1G6L1;M. halterata;Megaselia halterata ;https://www.gbif.org/species/9689691;present;2;1;6;1;33.6
F2S1G6L2;M. halterata;Megaselia halterata ;https://www.gbif.org/species/9689691;present;2;1;6;2;159.6
F2S1G6L3;M. halterata;Megaselia halterata ;https://www.gbif.org/species/9689691;present;2;1;6;3;166.7
F2S1G7L1;M. halterata;Megaselia halterata ;https://www.gbif.org/species/9689691;present;2;1;7;1;148.8
F2S1G7L2;M. halterata;Megaselia halterata ;https://www.gbif.org/species/9689691;present;2;1;7;2;219.6
F2S1G7L3;M. halterata;Megaselia halterata ;https://www.gbif.org/species/9689691;present;2;1;7;3;566.8
F2S1G8L1;M. halterata;Megaselia halterata ;https://www.gbif.org/species/9689691;present;2;1;8;1;132.6
F2S1G8L2;M. halterata;Megaselia halterata ;https://www.gbif.org/species/9689691;present;2;1;8;2;112
F2S1G8L3;M. halterata;Megaselia halterata ;https://www.gbif.org/species/9689691;present;2;1;8;3;394.5
F2S1G9L1;M. halterata;Megaselia halterata ;https://www.gbif.org/species/9689691;present;2;1;9;1;128
F2S1G9L2;M. halterata;Megaselia halterata ;https://www.gbif.org/species/9689691;present;2;1;9;2;79.7
F2S1G9L3;M. halterata;Megaselia halterata ;https://www.gbif.org/species/9689691;present;2;1;9;3;171
F3S1G1L1;M. halterata;Megaselia halterata ;https://www.gbif.org/species/9689691;present;3;1;1;1;0.2
F3S1G1L2;M. halterata;Megaselia halterata ;https://www.gbif.org/species/9689691;present;3;1;1;2;0.8
F3S1G1L3;M. halterata;Megaselia halterata ;https://www.gbif.org/species/9689691;absent;3;1;1;3;0
F3S1G2L1;M. halterata;Megaselia halterata ;https://www.gbif.org/species/9689691;present;3;1;2;1;6.5
F3S1G2L2;M. halterata;Megaselia halterata ;https://www.gbif.org/species/9689691;present;3;1;2;2;8.6
F3S1G2L3;M. halterata;Megaselia halterata ;https://www.gbif.org/species/9689691;present;3;1;2;3;18.8
F3S1G3L1;M. halterata;Megaselia halterata ;https://www.gbif.org/species/9689691;present;3;1;3;1;21
F3S1G3L2;M. halterata;Megaselia halterata ;https://www.gbif.org/species/9689691;present;3;1;3;2;24.9
F3S1G3L3;M. halterata;Megaselia halterata ;https://www.gbif.org/species/9689691;present;3;1;3;3;32
F3S1G4L1;M. halterata;Megaselia halterata ;https://www.gbif.org/species/9689691;present;3;1;4;1;15.7
F3S1G4L2;M. halterata;Megaselia halterata ;https://www.gbif.org/species/9689691;present;3;1;4;2;18.2
F3S1G4L3;M. halterata;Megaselia halterata ;https://www.gbif.org/species/9689691;present;3;1;4;3;105.2
F3S1G5L1;M. halterata;Megaselia halterata ;https://www.gbif.org/species/9689691;present;3;1;5;1;47
F3S1G5L2;M. halterata;Megaselia halterata ;https://www.gbif.org/species/9689691;present;3;1;5;2;40.6
F3S1G5L3;M. halterata;Megaselia halterata ;https://www.gbif.org/species/9689691;present;3;1;5;3;160.4
F3S1G6L1;M. halterata;Megaselia halterata ;https://www.gbif.org/species/9689691;present;3;1;6;1;39.8
F3S1G6L2;M. halterata;Megaselia halterata ;https://www.gbif.org/species/9689691;present;3;1;6;2;136.3
F3S1G6L3;M. halterata;Megaselia halterata ;https://www.gbif.org/species/9689691;present;3;1;6;3;337.3
F3S1G7L1;M. halterata;Megaselia halterata ;https://www.gbif.org/species/9689691;present;3;1;7;1;262
F3S1G7L2;M. halterata;Megaselia halterata ;https://www.gbif.org/species/9689691;present;3;1;7;2;284.6
F3S1G7L3;M. halterata;Megaselia halterata ;https://www.gbif.org/species/9689691;present;3;1;7;3;513.1
F3S1G8L1;M. halterata;Megaselia halterata ;https://www.gbif.org/species/9689691;present;3;1;8;1;306.5
F3S1G8L2;M. halterata;Megaselia halterata ;https://www.gbif.org/species/9689691;present;3;1;8;2;292.5
F3S1G8L3;M. halterata;Megaselia halterata ;https://www.gbif.org/species/9689691;present;3;1;8;3;396.5
F3S1G9L1;M. halterata;Megaselia halterata ;https://www.gbif.org/species/9689691;present;3;1;9;1;231.7
F3S1G9L2;M. halterata;Megaselia halterata ;https://www.gbif.org/species/9689691;present;3;1;9;2;243
F3S1G9L3;M. halterata;Megaselia halterata ;https://www.gbif.org/species/9689691;present;3;1;9;3;421.7
F4S2G1L1;M. halterata;Megaselia halterata ;https://www.gbif.org/species/9689691;absent;4;2;1;1;0
F4S2G1L2;M. halterata;Megaselia halterata ;https://www.gbif.org/species/9689691;absent;4;2;1;2;0
F4S2G1L3;M. halterata;Megaselia halterata ;https://www.gbif.org/species/9689691;absent;4;2;1;3;0
F4S2G2L1;M. halterata;Megaselia halterata ;https://www.gbif.org/species/9689691;present;4;2;2;1;3
F4S2G2L2;M. halterata;Megaselia halterata ;https://www.gbif.org/species/9689691;present;4;2;2;2;1.4
F4S2G2L3;M. halterata;Megaselia halterata ;https://www.gbif.org/species/9689691;present;4;2;2;3;2.4
F4S2G3L1;M. halterata;Megaselia halterata ;https://www.gbif.org/species/9689691;present;4;2;3;1;2.9
F4S2G3L2;M. halterata;Megaselia halterata ;https://www.gbif.org/species/9689691;present;4;2;3;2;4.8
F4S2G3L3;M. halterata;Megaselia halterata ;https://www.gbif.org/species/9689691;present;4;2;3;3;9.5
F4S2G4L1;M. halterata;Megaselia halterata ;https://www.gbif.org/species/9689691;present;4;2;4;1;5.7
F4S2G4L2;M. halterata;Megaselia halterata ;https://www.gbif.org/species/9689691;present;4;2;4;2;8.3
F4S2G4L3;M. halterata;Megaselia halterata ;https://www.gbif.org/species/9689691;present;4;2;4;3;11
F4S2G5L1;M. halterata;Megaselia halterata ;https://www.gbif.org/species/9689691;present;4;2;5;1;1.3
F4S2G5L2;M. halterata;Megaselia halterata ;https://www.gbif.org/species/9689691;present;4;2;5;2;1.8
F4S2G5L3;M. halterata;Megaselia halterata ;https://www.gbif.org/species/9689691;present;4;2;5;3;9
F4S2G6L1;M. halterata;Megaselia halterata ;https://www.gbif.org/species/9689691;present;4;2;6;1;10
F4S2G6L2;M. halterata;Megaselia halterata ;https://www.gbif.org/species/9689691;present;4;2;6;2;25.3
F4S2G6L3;M. halterata;Megaselia halterata ;https://www.gbif.org/species/9689691;present;4;2;6;3;66.3
F4S2G7L1;M. halterata;Megaselia halterata ;https://www.gbif.org/species/9689691;present;4;2;7;1;41.7
F4S2G7L2;M. halterata;Megaselia halterata ;https://www.gbif.org/species/9689691;present;4;2;7;2;76.3
F4S2G7L3;M. halterata;Megaselia halterata ;https://www.gbif.org/species/9689691;present;4;2;7;3;128.6
F4S2G8L1;M. halterata;Megaselia halterata ;https://www.gbif.org/species/9689691;present;4;2;8;1;9.8
F4S2G8L2;M. halterata;Megaselia halterata ;https://www.gbif.org/species/9689691;present;4;2;8;2;20.8
F4S2G8L3;M. halterata;Megaselia halterata ;https://www.gbif.org/species/9689691;present;4;2;8;3;51.8
F4S2G9L1;M. halterata;Megaselia halterata ;https://www.gbif.org/species/9689691;present;4;2;9;1;NA
F4S2G9L2;M. halterata;Megaselia halterata ;https://www.gbif.org/species/9689691;present;4;2;9;2;NA
F4S2G9L3;M. halterata;Megaselia halterata ;https://www.gbif.org/species/9689691;present;4;2;9;3;Na
F5S2G1L1;M. halterata;Megaselia halterata ;https://www.gbif.org/species/9689691;absent;5;2;1;1;0
F5S2G1L2;M. halterata;Megaselia halterata ;https://www.gbif.org/species/9689691;absent;5;2;1;2;0
F5S2G1L3;M. halterata;Megaselia halterata ;https://www.gbif.org/species/9689691;absent;5;2;1;3;0
F5S2G2L1;M. halterata;Megaselia halterata ;https://www.gbif.org/species/9689691;present;5;2;2;1;2.1
F5S2G2L2;M. halterata;Megaselia halterata ;https://www.gbif.org/species/9689691;present;5;2;2;2;1.5
F5S2G2L3;M. halterata;Megaselia halterata ;https://www.gbif.org/species/9689691;present;5;2;2;3;0.4
F5S2G3L1;M. halterata;Megaselia halterata ;https://www.gbif.org/species/9689691;present;5;2;3;1;12.6
F5S2G3L2;M. halterata;Megaselia halterata ;https://www.gbif.org/species/9689691;present;5;2;3;2;8.2
F5S2G3L3;M. halterata;Megaselia halterata ;https://www.gbif.org/species/9689691;present;5;2;3;3;6.8
F5S2G4L1;M. halterata;Megaselia halterata ;https://www.gbif.org/species/9689691;present;5;2;4;1;9.3
F5S2G4L2;M. halterata;Megaselia halterata ;https://www.gbif.org/species/9689691;present;5;2;4;2;7.2
F5S2G4L3;M. halterata;Megaselia halterata ;https://www.gbif.org/species/9689691;present;5;2;4;3;7.7
F5S2G5L1;M. halterata;Megaselia halterata ;https://www.gbif.org/species/9689691;present;5;2;5;1;119.3
F5S2G5L2;M. halterata;Megaselia halterata ;https://www.gbif.org/species/9689691;present;5;2;5;2;135.5
F5S2G5L3;M. halterata;Megaselia halterata ;https://www.gbif.org/species/9689691;present;5;2;5;3;133.8
F5S2G6L1;M. halterata;Megaselia halterata ;https://www.gbif.org/species/9689691;present;5;2;6;1;62
F5S2G6L2;M. halterata;Megaselia halterata ;https://www.gbif.org/species/9689691;present;5;2;6;2;79.3
F5S2G6L3;M. halterata;Megaselia halterata ;https://www.gbif.org/species/9689691;present;5;2;6;3;42
F5S2G7L1;M. halterata;Megaselia halterata ;https://www.gbif.org/species/9689691;present;5;2;7;1;67
F5S2G7L2;M. halterata;Megaselia halterata ;https://www.gbif.org/species/9689691;present;5;2;7;2;66
F5S2G7L3;M. halterata;Megaselia halterata ;https://www.gbif.org/species/9689691;present;5;2;7;3;45.5
F5S2G8L1;M. halterata;Megaselia halterata ;https://www.gbif.org/species/9689691;present;5;2;8;1;53.3
F5S2G8L2;M. halterata;Megaselia halterata ;https://www.gbif.org/species/9689691;present;5;2;8;2;74
F5S2G8L3;M. halterata;Megaselia halterata ;https://www.gbif.org/species/9689691;present;5;2;8;3;70.3
F5S2G9L1;M. halterata;Megaselia halterata ;https://www.gbif.org/species/9689691;present;5;2;9;1;68
F5S2G9L2;M. halterata;Megaselia halterata ;https://www.gbif.org/species/9689691;present;5;2;9;2;62
F5S2G9L3;M. halterata;Megaselia halterata ;https://www.gbif.org/species/9689691;present;5;2;9;3;61.3
F6S2G1L1;M. halterata;Megaselia halterata ;https://www.gbif.org/species/9689691;absent;6;2;1;1;0
F6S2G1L2;M. halterata;Megaselia halterata ;https://www.gbif.org/species/9689691;absent;6;2;1;2;0
F6S2G1L3;M. halterata;Megaselia halterata ;https://www.gbif.org/species/9689691;absent;6;2;1;3;0
F6S2G2L1;M. halterata;Megaselia halterata ;https://www.gbif.org/species/9689691;present;6;2;2;1;3.4
F6S2G2L2;M. halterata;Megaselia halterata ;https://www.gbif.org/species/9689691;present;6;2;2;2;2.5
F6S2G2L3;M. halterata;Megaselia halterata ;https://www.gbif.org/species/9689691;present;6;2;2;3;3.4
F6S2G3L1;M. halterata;Megaselia halterata ;https://www.gbif.org/species/9689691;present;6;2;3;1;2.3
F6S2G3L2;M. halterata;Megaselia halterata ;https://www.gbif.org/species/9689691;present;6;2;3;2;2.5
F6S2G3L3;M. halterata;Megaselia halterata ;https://www.gbif.org/species/9689691;present;6;2;3;3;2.7
F6S2G4L1;M. halterata;Megaselia halterata ;https://www.gbif.org/species/9689691;present;6;2;4;1;7.9
F6S2G4L2;M. halterata;Megaselia halterata ;https://www.gbif.org/species/9689691;present;6;2;4;2;4.7
F6S2G4L3;M. halterata;Megaselia halterata ;https://www.gbif.org/species/9689691;present;6;2;4;3;6.3
F6S2G5L1;M. halterata;Megaselia halterata ;https://www.gbif.org/species/9689691;present;6;2;5;1;27.6
F6S2G5L2;M. halterata;Megaselia halterata ;https://www.gbif.org/species/9689691;present;6;2;5;2;42.2
F6S2G5L3;M. halterata;Megaselia halterata ;https://www.gbif.org/species/9689691;present;6;2;5;3;73.2
F6S2G6L1;M. halterata;Megaselia halterata ;https://www.gbif.org/species/9689691;present;6;2;6;1;23.5
F6S2G6L2;M. halterata;Megaselia halterata ;https://www.gbif.org/species/9689691;present;6;2;6;2;27
F6S2G6L3;M. halterata;Megaselia halterata ;https://www.gbif.org/species/9689691;present;6;2;6;3;38
F6S2G7L1;M. halterata;Megaselia halterata ;https://www.gbif.org/species/9689691;present;6;2;7;1;28.3
F6S2G7L2;M. halterata;Megaselia halterata ;https://www.gbif.org/species/9689691;present;6;2;7;2;31.3
F6S2G7L3;M. halterata;Megaselia halterata ;https://www.gbif.org/species/9689691;present;6;2;7;3;39
F6S2G8L1;M. halterata;Megaselia halterata ;https://www.gbif.org/species/9689691;present;6;2;8;1;47.4
F6S2G8L2;M. halterata;Megaselia halterata ;https://www.gbif.org/species/9689691;present;6;2;8;2;55.7
F6S2G8L3;M. halterata;Megaselia halterata ;https://www.gbif.org/species/9689691;present;6;2;8;3;68
F6S2G9L1;M. halterata;Megaselia halterata ;https://www.gbif.org/species/9689691;present;6;2;9;1;NA
F6S2G9L2;M. halterata;Megaselia halterata ;https://www.gbif.org/species/9689691;present;6;2;9;2;NA
F6S2G9L3;M. halterata;Megaselia halterata ;https://www.gbif.org/species/9689691;present;6;2;9;3;NA
F7S3G1L1;M. halterata;Megaselia halterata ;https://www.gbif.org/species/9689691;absent;7;3;1;1;0
F7S3G1L2;M. halterata;Megaselia halterata ;https://www.gbif.org/species/9689691;absent;7;3;1;2;0
F7S3G1L3;M. halterata;Megaselia halterata ;https://www.gbif.org/species/9689691;absent;7;3;1;3;0
F7S3G2L1;M. halterata;Megaselia halterata ;https://www.gbif.org/species/9689691;present;7;3;2;1;1.2
F7S3G2L2;M. halterata;Megaselia halterata ;https://www.gbif.org/species/9689691;present;7;3;2;2;2.2
F7S3G2L3;M. halterata;Megaselia halterata ;https://www.gbif.org/species/9689691;present;7;3;2;3;5.8
F7S3G3L1;M. halterata;Megaselia halterata ;https://www.gbif.org/species/9689691;present;7;3;3;1;3.2
F7S3G3L2;M. halterata;Megaselia halterata ;https://www.gbif.org/species/9689691;present;7;3;3;2;4.6
F7S3G3L3;M. halterata;Megaselia halterata ;https://www.gbif.org/species/9689691;present;7;3;3;3;18
F7S3G4L1;M. halterata;Megaselia halterata ;https://www.gbif.org/species/9689691;present;7;3;4;1;81.3
F7S3G4L2;M. halterata;Megaselia halterata ;https://www.gbif.org/species/9689691;present;7;3;4;2;79.3
F7S3G4L3;M. halterata;Megaselia halterata ;https://www.gbif.org/species/9689691;present;7;3;4;3;100.5
F7S3G5L1;M. halterata;Megaselia halterata ;https://www.gbif.org/species/9689691;present;7;3;5;1;137
F7S3G5L2;M. halterata;Megaselia halterata ;https://www.gbif.org/species/9689691;present;7;3;5;2;212.5
F7S3G5L3;M. halterata;Megaselia halterata ;https://www.gbif.org/species/9689691;present;7;3;5;3;425
F7S3G6L1;M. halterata;Megaselia halterata ;https://www.gbif.org/species/9689691;present;7;3;6;1;46.4
F7S3G6L2;M. halterata;Megaselia halterata ;https://www.gbif.org/species/9689691;present;7;3;6;2;75.8
F7S3G6L3;M. halterata;Megaselia halterata ;https://www.gbif.org/species/9689691;present;7;3;6;3;204.6
F7S3G7L1;M. halterata;Megaselia halterata ;https://www.gbif.org/species/9689691;present;7;3;7;1;92
F7S3G7L2;M. halterata;Megaselia halterata ;https://www.gbif.org/species/9689691;present;7;3;7;2;90.4
F7S3G7L3;M. halterata;Megaselia halterata ;https://www.gbif.org/species/9689691;present;7;3;7;3;236.4
F7S3G8L1;M. halterata;Megaselia halterata ;https://www.gbif.org/species/9689691;present;7;3;8;1;15.4
F7S3G8L2;M. halterata;Megaselia halterata ;https://www.gbif.org/species/9689691;present;7;3;8;2;14.9
F7S3G8L3;M. halterata;Megaselia halterata ;https://www.gbif.org/species/9689691;present;7;3;8;3;105.4
F7S3G9L1;M. halterata;Megaselia halterata ;https://www.gbif.org/species/9689691;present;7;3;9;1;14.2
F7S3G9L2;M. halterata;Megaselia halterata ;https://www.gbif.org/species/9689691;present;7;3;9;2;12.8
F7S3G9L3;M. halterata;Megaselia halterata ;https://www.gbif.org/species/9689691;present;7;3;9;3;61.7
F8S3G1L1;M. halterata;Megaselia halterata ;https://www.gbif.org/species/9689691;absent;8;3;1;1;0
F8S3G1L2;M. halterata;Megaselia halterata ;https://www.gbif.org/species/9689691;absent;8;3;1;2;0
F8S3G1L3;M. halterata;Megaselia halterata ;https://www.gbif.org/species/9689691;absent;8;3;1;3;0
F8S3G2L1;M. halterata;Megaselia halterata ;https://www.gbif.org/species/9689691;present;8;3;2;1;0.7
F8S3G2L2;M. halterata;Megaselia halterata ;https://www.gbif.org/species/9689691;present;8;3;2;2;0.7
F8S3G2L3;M. halterata;Megaselia halterata ;https://www.gbif.org/species/9689691;present;8;3;2;3;0.6
F8S3G3L1;M. halterata;Megaselia halterata ;https://www.gbif.org/species/9689691;present;8;3;3;1;1.7
F8S3G3L2;M. halterata;Megaselia halterata ;https://www.gbif.org/species/9689691;present;8;3;3;2;1.1
F8S3G3L3;M. halterata;Megaselia halterata ;https://www.gbif.org/species/9689691;present;8;3;3;3;1
F8S3G4L1;M. halterata;Megaselia halterata ;https://www.gbif.org/species/9689691;present;8;3;4;1;1.9
F8S3G4L2;M. halterata;Megaselia halterata ;https://www.gbif.org/species/9689691;present;8;3;4;2;1
F8S3G4L3;M. halterata;Megaselia halterata ;https://www.gbif.org/species/9689691;present;8;3;4;3;3
F8S3G5L1;M. halterata;Megaselia halterata ;https://www.gbif.org/species/9689691;present;8;3;5;1;2.4
F8S3G5L2;M. halterata;Megaselia halterata ;https://www.gbif.org/species/9689691;present;8;3;5;2;3
F8S3G5L3;M. halterata;Megaselia halterata ;https://www.gbif.org/species/9689691;present;8;3;5;3;1.3
F8S3G6L1;M. halterata;Megaselia halterata ;https://www.gbif.org/species/9689691;present;8;3;6;1;14
F8S3G6L2;M. halterata;Megaselia halterata ;https://www.gbif.org/species/9689691;present;8;3;6;2;17.4
F8S3G6L3;M. halterata;Megaselia halterata ;https://www.gbif.org/species/9689691;present;8;3;6;3;14.1
F8S3G7L1;M. halterata;Megaselia halterata ;https://www.gbif.org/species/9689691;present;8;3;7;1;20.7
F8S3G7L2;M. halterata;Megaselia halterata ;https://www.gbif.org/species/9689691;present;8;3;7;2;19.7
F8S3G7L3;M. halterata;Megaselia halterata ;https://www.gbif.org/species/9689691;present;8;3;7;3;8.1
F8S3G8L1;M. halterata;Megaselia halterata ;https://www.gbif.org/species/9689691;present;8;3;8;1;13.8
F8S3G8L2;M. halterata;Megaselia halterata ;https://www.gbif.org/species/9689691;present;8;3;8;2;12.2
F8S3G8L3;M. halterata;Megaselia halterata ;https://www.gbif.org/species/9689691;present;8;3;8;3;16.7
F8S3G9L1;M. halterata;Megaselia halterata ;https://www.gbif.org/species/9689691;present;8;3;9;1;23.8
F8S3G9L2;M. halterata;Megaselia halterata ;https://www.gbif.org/species/9689691;present;8;3;9;2;20
F8S3G9L3;M. halterata;Megaselia halterata ;https://www.gbif.org/species/9689691;present;8;3;9;3;23.8
F9S3G1L1;M. halterata;Megaselia halterata ;https://www.gbif.org/species/9689691;absent;9;3;1;1;0
F9S3G1L2;M. halterata;Megaselia halterata ;https://www.gbif.org/species/9689691;absent;9;3;1;2;0
F9S3G1L3;M. halterata;Megaselia halterata ;https://www.gbif.org/species/9689691;absent;9;3;1;3;0
F9S3G2L1;M. halterata;Megaselia halterata ;https://www.gbif.org/species/9689691;present;9;3;2;1;0.3
F9S3G2L2;M. halterata;Megaselia halterata ;https://www.gbif.org/species/9689691;present;9;3;2;2;0.1
F9S3G2L3;M. halterata;Megaselia halterata ;https://www.gbif.org/species/9689691;present;9;3;2;3;2.4
F9S3G3L1;M. halterata;Megaselia halterata ;https://www.gbif.org/species/9689691;present;9;3;3;1;0.4
F9S3G3L2;M. halterata;Megaselia halterata ;https://www.gbif.org/species/9689691;present;9;3;3;2;0.1
F9S3G3L3;M. halterata;Megaselia halterata ;https://www.gbif.org/species/9689691;present;9;3;3;3;0.7
F9S3G4L1;M. halterata;Megaselia halterata ;https://www.gbif.org/species/9689691;present;9;3;4;1;0.9
F9S3G4L2;M. halterata;Megaselia halterata ;https://www.gbif.org/species/9689691;present;9;3;4;2;1
F9S3G4L3;M. halterata;Megaselia halterata ;https://www.gbif.org/species/9689691;present;9;3;4;3;9
F9S3G5L1;M. halterata;Megaselia halterata ;https://www.gbif.org/species/9689691;present;9;3;5;1;1
F9S3G5L2;M. halterata;Megaselia halterata ;https://www.gbif.org/species/9689691;present;9;3;5;2;3.3
F9S3G5L3;M. halterata;Megaselia halterata ;https://www.gbif.org/species/9689691;present;9;3;5;3;25.7
F9S3G6L1;M. halterata;Megaselia halterata ;https://www.gbif.org/species/9689691;present;9;3;6;1;2.3
F9S3G6L2;M. halterata;Megaselia halterata ;https://www.gbif.org/species/9689691;present;9;3;6;2;10.5
F9S3G6L3;M. halterata;Megaselia halterata ;https://www.gbif.org/species/9689691;present;9;3;6;3;33.8
F9S3G7L1;M. halterata;Megaselia halterata ;https://www.gbif.org/species/9689691;present;9;3;7;1;5.9
F9S3G7L2;M. halterata;Megaselia halterata ;https://www.gbif.org/species/9689691;present;9;3;7;2;9.4
F9S3G7L3;M. halterata;Megaselia halterata ;https://www.gbif.org/species/9689691;present;9;3;7;3;23.1
F9S3G8L1;M. halterata;Megaselia halterata ;https://www.gbif.org/species/9689691;present;9;3;8;1;50.8
F9S3G8L2;M. halterata;Megaselia halterata ;https://www.gbif.org/species/9689691;present;9;3;8;2;30.8
F9S3G8L3;M. halterata;Megaselia halterata ;https://www.gbif.org/species/9689691;present;9;3;8;3;86.7
F9S3G9L1;M. halterata;Megaselia halterata ;https://www.gbif.org/species/9689691;present;9;3;9;1;84.4
F9S3G9L2;M. halterata;Megaselia halterata ;https://www.gbif.org/species/9689691;present;9;3;9;2;21.8
F9S3G9L3;M. halterata;Megaselia halterata ;https://www.gbif.org/species/9689691;present;9;3;9;3;78
F10S4G1L1;M. halterata;Megaselia halterata ;https://www.gbif.org/species/9689691;absent;10;4;1;1;0
F10S4G1L2;M. halterata;Megaselia halterata ;https://www.gbif.org/species/9689691;absent;10;4;1;2;0
F10S4G1L3;M. halterata;Megaselia halterata ;https://www.gbif.org/species/9689691;absent;10;4;1;3;0
F10S4G2L1;M. halterata;Megaselia halterata ;https://www.gbif.org/species/9689691;present;10;4;2;1;0.4
F10S4G2L2;M. halterata;Megaselia halterata ;https://www.gbif.org/species/9689691;present;10;4;2;2;0.2
F10S4G2L3;M. halterata;Megaselia halterata ;https://www.gbif.org/species/9689691;present;10;4;2;3;0.2
F10S4G3L1;M. halterata;Megaselia halterata ;https://www.gbif.org/species/9689691;present;10;4;3;1;0.3
F10S4G3L2;M. halterata;Megaselia halterata ;https://www.gbif.org/species/9689691;present;10;4;3;2;0.1
F10S4G3L3;M. halterata;Megaselia halterata ;https://www.gbif.org/species/9689691;present;10;4;3;3;0.4
F10S4G4L1;M. halterata;Megaselia halterata ;https://www.gbif.org/species/9689691;present;10;4;4;1;0.4
F10S4G4L2;M. halterata;Megaselia halterata ;https://www.gbif.org/species/9689691;present;10;4;4;2;0.1
F10S4G4L3;M. halterata;Megaselia halterata ;https://www.gbif.org/species/9689691;present;10;4;4;3;0.3
F10S4G5L1;M. halterata;Megaselia halterata ;https://www.gbif.org/species/9689691;present;10;4;5;1;2.3
F10S4G5L2;M. halterata;Megaselia halterata ;https://www.gbif.org/species/9689691;present;10;4;5;2;1.3
F10S4G5L3;M. halterata;Megaselia halterata ;https://www.gbif.org/species/9689691;present;10;4;5;3;0.8
F10S4G6L1;M. halterata;Megaselia halterata ;https://www.gbif.org/species/9689691;present;10;4;6;1;7.6
F10S4G6L2;M. halterata;Megaselia halterata ;https://www.gbif.org/species/9689691;present;10;4;6;2;5.6
F10S4G6L3;M. halterata;Megaselia halterata ;https://www.gbif.org/species/9689691;present;10;4;6;3;6
F10S4G7L1;M. halterata;Megaselia halterata ;https://www.gbif.org/species/9689691;present;10;4;7;1;8.3
F10S4G7L2;M. halterata;Megaselia halterata ;https://www.gbif.org/species/9689691;present;10;4;7;2;7.7
F10S4G7L3;M. halterata;Megaselia halterata ;https://www.gbif.org/species/9689691;present;10;4;7;3;5.6
F10S4G8L1;M. halterata;Megaselia halterata ;https://www.gbif.org/species/9689691;present;10;4;8;1;9.1
F10S4G8L2;M. halterata;Megaselia halterata ;https://www.gbif.org/species/9689691;present;10;4;8;2;6.1
F10S4G8L3;M. halterata;Megaselia halterata ;https://www.gbif.org/species/9689691;present;10;4;8;3;5.5
F10S4G9L1;M. halterata;Megaselia halterata ;https://www.gbif.org/species/9689691;present;10;4;9;1;10.9
F10S4G9L2;M. halterata;Megaselia halterata ;https://www.gbif.org/species/9689691;present;10;4;9;2;8
F10S4G9L3;M. halterata;Megaselia halterata ;https://www.gbif.org/species/9689691;present;10;4;9;3;7.5
F11S4G1L1;M. halterata;Megaselia halterata ;https://www.gbif.org/species/9689691;absent;11;4;1;1;0
F11S4G1L2;M. halterata;Megaselia halterata ;https://www.gbif.org/species/9689691;absent;11;4;1;2;0
F11S4G1L3;M. halterata;Megaselia halterata ;https://www.gbif.org/species/9689691;absent;11;4;1;3;0
F11S4G2L1;M. halterata;Megaselia halterata ;https://www.gbif.org/species/9689691;present;11;4;2;1;3.6
F11S4G2L2;M. halterata;Megaselia halterata ;https://www.gbif.org/species/9689691;present;11;4;2;2;2
F11S4G2L3;M. halterata;Megaselia halterata ;https://www.gbif.org/species/9689691;present;11;4;2;3;2
F11S4G3L1;M. halterata;Megaselia halterata ;https://www.gbif.org/species/9689691;present;11;4;3;1;0.5
F11S4G3L2;M. halterata;Megaselia halterata ;https://www.gbif.org/species/9689691;present;11;4;3;2;0.5
F11S4G3L3;M. halterata;Megaselia halterata ;https://www.gbif.org/species/9689691;present;11;4;3;3;0.3
F11S4G4L1;M. halterata;Megaselia halterata ;https://www.gbif.org/species/9689691;present;11;4;4;1;3.3
F11S4G4L2;M. halterata;Megaselia halterata ;https://www.gbif.org/species/9689691;present;11;4;4;2;5.3
F11S4G4L3;M. halterata;Megaselia halterata ;https://www.gbif.org/species/9689691;present;11;4;4;3;4.3
F11S4G5L1;M. halterata;Megaselia halterata ;https://www.gbif.org/species/9689691;present;11;4;5;1;2.3
F11S4G5L2;M. halterata;Megaselia halterata ;https://www.gbif.org/species/9689691;present;11;4;5;2;3
F11S4G5L3;M. halterata;Megaselia halterata ;https://www.gbif.org/species/9689691;present;11;4;5;3;5.1
F11S4G6L1;M. halterata;Megaselia halterata ;https://www.gbif.org/species/9689691;present;11;4;6;1;4.3
F11S4G6L2;M. halterata;Megaselia halterata ;https://www.gbif.org/species/9689691;present;11;4;6;2;1.1
F11S4G6L3;M. halterata;Megaselia halterata ;https://www.gbif.org/species/9689691;present;11;4;6;3;2.9
F11S4G7L1;M. halterata;Megaselia halterata ;https://www.gbif.org/species/9689691;present;11;4;7;1;6.2
F11S4G7L2;M. halterata;Megaselia halterata ;https://www.gbif.org/species/9689691;present;11;4;7;2;4.7
F11S4G7L3;M. halterata;Megaselia halterata ;https://www.gbif.org/species/9689691;present;11;4;7;3;9
F11S4G8L1;M. halterata;Megaselia halterata ;https://www.gbif.org/species/9689691;present;11;4;8;1;10.1
F11S4G8L2;M. halterata;Megaselia halterata ;https://www.gbif.org/species/9689691;present;11;4;8;2;6.6
F11S4G8L3;M. halterata;Megaselia halterata ;https://www.gbif.org/species/9689691;present;11;4;8;3;16.9
F11S4G9L1;M. halterata;Megaselia halterata ;https://www.gbif.org/species/9689691;present;11;4;9;1;5.9
F11S4G9L2;M. halterata;Megaselia halterata ;https://www.gbif.org/species/9689691;present;11;4;9;2;3.4
F11S4G9L3;M. halterata;Megaselia halterata ;https://www.gbif.org/species/9689691;present;11;4;9;3;6.3
F12S4G1L1;M. halterata;Megaselia halterata ;https://www.gbif.org/species/9689691;absent;12;4;1;1;0
F12S4G1L2;M. halterata;Megaselia halterata ;https://www.gbif.org/species/9689691;absent;12;4;1;2;0
F12S4G1L3;M. halterata;Megaselia halterata ;https://www.gbif.org/species/9689691;absent;12;4;1;3;0
F12S4G2L1;M. halterata;Megaselia halterata ;https://www.gbif.org/species/9689691;absent;12;4;2;1;0
F12S4G2L2;M. halterata;Megaselia halterata ;https://www.gbif.org/species/9689691;absent;12;4;2;2;0
F12S4G2L3;M. halterata;Megaselia halterata ;https://www.gbif.org/species/9689691;absent;12;4;2;3;0
F12S4G3L1;M. halterata;Megaselia halterata ;https://www.gbif.org/species/9689691;absent;12;4;3;1;0
F12S4G3L2;M. halterata;Megaselia halterata ;https://www.gbif.org/species/9689691;absent;12;4;3;2;0
F12S4G3L3;M. halterata;Megaselia halterata ;https://www.gbif.org/species/9689691;present;12;4;3;3;0.3
F12S4G4L1;M. halterata;Megaselia halterata ;https://www.gbif.org/species/9689691;present;12;4;4;1;0.4
F12S4G4L2;M. halterata;Megaselia halterata ;https://www.gbif.org/species/9689691;present;12;4;4;2;0.1
F12S4G4L3;M. halterata;Megaselia halterata ;https://www.gbif.org/species/9689691;present;12;4;4;3;0.4
F12S4G5L1;M. halterata;Megaselia halterata ;https://www.gbif.org/species/9689691;present;12;4;5;1;1.9
F12S4G5L2;M. halterata;Megaselia halterata ;https://www.gbif.org/species/9689691;present;12;4;5;2;0.3
F12S4G5L3;M. halterata;Megaselia halterata ;https://www.gbif.org/species/9689691;present;12;4;5;3;0.7
F12S4G6L1;M. halterata;Megaselia halterata ;https://www.gbif.org/species/9689691;present;12;4;6;1;2.4
F12S4G6L2;M. halterata;Megaselia halterata ;https://www.gbif.org/species/9689691;present;12;4;6;2;1
F12S4G6L3;M. halterata;Megaselia halterata ;https://www.gbif.org/species/9689691;present;12;4;6;3;0.7
F12S4G7L1;M. halterata;Megaselia halterata ;https://www.gbif.org/species/9689691;present;12;4;7;1;2.9
F12S4G7L2;M. halterata;Megaselia halterata ;https://www.gbif.org/species/9689691;present;12;4;7;2;1.6
F12S4G7L3;M. halterata;Megaselia halterata ;https://www.gbif.org/species/9689691;present;12;4;7;3;1.7
F12S4G8L1;M. halterata;Megaselia halterata ;https://www.gbif.org/species/9689691;present;12;4;8;1;3.7
F12S4G8L2;M. halterata;Megaselia halterata ;https://www.gbif.org/species/9689691;present;12;4;8;2;2.1
F12S4G8L3;M. halterata;Megaselia halterata ;https://www.gbif.org/species/9689691;present;12;4;8;3;2.6
F12S4G9L1;M. halterata;Megaselia halterata ;https://www.gbif.org/species/9689691;present;12;4;9;1;5.1
F12S4G9L2;M. halterata;Megaselia halterata ;https://www.gbif.org/species/9689691;present;12;4;9;2;6.8
F12S4G9L3;M. halterata;Megaselia halterata ;https://www.gbif.org/species/9689691;present;12;4;9;3;4.3
F13S5G1L1;M. halterata;Megaselia halterata ;https://www.gbif.org/species/9689691;present;13;5;1;1;0.5
F13S5G1L2;M. halterata;Megaselia halterata ;https://www.gbif.org/species/9689691;present;13;5;1;2;0.5
F13S5G1L3;M. halterata;Megaselia halterata ;https://www.gbif.org/species/9689691;present;13;5;1;3;0.5
F13S5G2L1;M. halterata;Megaselia halterata ;https://www.gbif.org/species/9689691;present;13;5;2;1;1.6
F13S5G2L2;M. halterata;Megaselia halterata ;https://www.gbif.org/species/9689691;present;13;5;2;2;1.1
F13S5G2L3;M. halterata;Megaselia halterata ;https://www.gbif.org/species/9689691;present;13;5;2;3;3.4
F13S5G3L1;M. halterata;Megaselia halterata ;https://www.gbif.org/species/9689691;present;13;5;3;1;3.8
F13S5G3L2;M. halterata;Megaselia halterata ;https://www.gbif.org/species/9689691;present;13;5;3;2;4.8
F13S5G3L3;M. halterata;Megaselia halterata ;https://www.gbif.org/species/9689691;present;13;5;3;3;5.4
F13S5G4L1;M. halterata;Megaselia halterata ;https://www.gbif.org/species/9689691;present;13;5;4;1;2.3
F13S5G4L2;M. halterata;Megaselia halterata ;https://www.gbif.org/species/9689691;present;13;5;4;2;1.2
F13S5G4L3;M. halterata;Megaselia halterata ;https://www.gbif.org/species/9689691;present;13;5;4;3;3.4
F13S5G5L1;M. halterata;Megaselia halterata ;https://www.gbif.org/species/9689691;present;13;5;5;1;10.1
F13S5G5L2;M. halterata;Megaselia halterata ;https://www.gbif.org/species/9689691;present;13;5;5;2;6.7
F13S5G5L3;M. halterata;Megaselia halterata ;https://www.gbif.org/species/9689691;present;13;5;5;3;2.4
F13S5G6L1;M. halterata;Megaselia halterata ;https://www.gbif.org/species/9689691;present;13;5;6;1;51.1
F13S5G6L2;M. halterata;Megaselia halterata ;https://www.gbif.org/species/9689691;present;13;5;6;2;73.6
F13S5G6L3;M. halterata;Megaselia halterata ;https://www.gbif.org/species/9689691;present;13;5;6;3;17.8
F13S5G7L1;M. halterata;Megaselia halterata ;https://www.gbif.org/species/9689691;present;13;5;7;1;108.8
F13S5G7L2;M. halterata;Megaselia halterata ;https://www.gbif.org/species/9689691;present;13;5;7;2;152.4
F13S5G7L3;M. halterata;Megaselia halterata ;https://www.gbif.org/species/9689691;present;13;5;7;3;145.6
F13S5G8L1;M. halterata;Megaselia halterata ;https://www.gbif.org/species/9689691;present;13;5;8;1;86.3
F13S5G8L2;M. halterata;Megaselia halterata ;https://www.gbif.org/species/9689691;present;13;5;8;2;106
F13S5G8L3;M. halterata;Megaselia halterata ;https://www.gbif.org/species/9689691;present;13;5;8;3;138.6
F13S5G9L1;M. halterata;Megaselia halterata ;https://www.gbif.org/species/9689691;present;13;5;9;1;30.3
F13S5G9L2;M. halterata;Megaselia halterata ;https://www.gbif.org/species/9689691;present;13;5;9;2;42.7
F13S5G9L3;M. halterata;Megaselia halterata ;https://www.gbif.org/species/9689691;present;13;5;9;3;84
F14S5G1L1;M. halterata;Megaselia halterata ;https://www.gbif.org/species/9689691;absent;14;5;1;1;0
F14S5G1L2;M. halterata;Megaselia halterata ;https://www.gbif.org/species/9689691;present;14;5;1;2;0.3
F14S5G1L3;M. halterata;Megaselia halterata ;https://www.gbif.org/species/9689691;absent;14;5;1;3;0
F14S5G2L1;M. halterata;Megaselia halterata ;https://www.gbif.org/species/9689691;present;14;5;2;1;2.3
F14S5G2L2;M. halterata;Megaselia halterata ;https://www.gbif.org/species/9689691;present;14;5;2;2;0.6
F14S5G2L3;M. halterata;Megaselia halterata ;https://www.gbif.org/species/9689691;present;14;5;2;3;2.4
F14S5G3L1;M. halterata;Megaselia halterata ;https://www.gbif.org/species/9689691;present;14;5;3;1;16.1
F14S5G3L2;M. halterata;Megaselia halterata ;https://www.gbif.org/species/9689691;present;14;5;3;2;7.2
F14S5G3L3;M. halterata;Megaselia halterata ;https://www.gbif.org/species/9689691;present;14;5;3;3;10.7
F14S5G4L1;M. halterata;Megaselia halterata ;https://www.gbif.org/species/9689691;present;14;5;4;1;2
F14S5G4L2;M. halterata;Megaselia halterata ;https://www.gbif.org/species/9689691;present;14;5;4;2;2.9
F14S5G4L3;M. halterata;Megaselia halterata ;https://www.gbif.org/species/9689691;present;14;5;4;3;3.6
F14S5G5L1;M. halterata;Megaselia halterata ;https://www.gbif.org/species/9689691;present;14;5;5;1;32.6
F14S5G5L2;M. halterata;Megaselia halterata ;https://www.gbif.org/species/9689691;present;14;5;5;2;38.6
F14S5G5L3;M. halterata;Megaselia halterata ;https://www.gbif.org/species/9689691;present;14;5;5;3;29.1
F14S5G6L1;M. halterata;Megaselia halterata ;https://www.gbif.org/species/9689691;present;14;5;6;1;59.7
F14S5G6L2;M. halterata;Megaselia halterata ;https://www.gbif.org/species/9689691;present;14;5;6;2;132.3
F14S5G6L3;M. halterata;Megaselia halterata ;https://www.gbif.org/species/9689691;present;14;5;6;3;114.6
F14S5G7L1;M. halterata;Megaselia halterata ;https://www.gbif.org/species/9689691;present;14;5;7;1;96.3
F14S5G7L2;M. halterata;Megaselia halterata ;https://www.gbif.org/species/9689691;present;14;5;7;2;174
F14S5G7L3;M. halterata;Megaselia halterata ;https://www.gbif.org/species/9689691;present;14;5;7;3;105.3
F14S5G8L1;M. halterata;Megaselia halterata ;https://www.gbif.org/species/9689691;present;14;5;8;1;36.8
F14S5G8L2;M. halterata;Megaselia halterata ;https://www.gbif.org/species/9689691;present;14;5;8;2;47
F14S5G8L3;M. halterata;Megaselia halterata ;https://www.gbif.org/species/9689691;present;14;5;8;3;35
F14S5G9L1;M. halterata;Megaselia halterata ;https://www.gbif.org/species/9689691;present;14;5;9;1;23.7
F14S5G9L2;M. halterata;Megaselia halterata ;https://www.gbif.org/species/9689691;present;14;5;9;2;46
F14S5G9L3;M. halterata;Megaselia halterata ;https://www.gbif.org/species/9689691;present;14;5;9;3;36
F15S5G1L1;M. halterata;Megaselia halterata ;https://www.gbif.org/species/9689691;absent;15;5;1;1;0
F15S5G1L2;M. halterata;Megaselia halterata ;https://www.gbif.org/species/9689691;present;15;5;1;2;1.3
F15S5G1L3;M. halterata;Megaselia halterata ;https://www.gbif.org/species/9689691;present;15;5;1;3;1
F15S5G2L1;M. halterata;Megaselia halterata ;https://www.gbif.org/species/9689691;present;15;5;2;1;0.7
F15S5G2L2;M. halterata;Megaselia halterata ;https://www.gbif.org/species/9689691;present;15;5;2;2;2.6
F15S5G2L3;M. halterata;Megaselia halterata ;https://www.gbif.org/species/9689691;present;15;5;2;3;2.8
F15S5G3L1;M. halterata;Megaselia halterata ;https://www.gbif.org/species/9689691;present;15;5;3;1;2.6
F15S5G3L2;M. halterata;Megaselia halterata ;https://www.gbif.org/species/9689691;present;15;5;3;2;2.3
F15S5G3L3;M. halterata;Megaselia halterata ;https://www.gbif.org/species/9689691;present;15;5;3;3;5.3
F15S5G4L1;M. halterata;Megaselia halterata ;https://www.gbif.org/species/9689691;present;15;5;4;1;2.9
F15S5G4L2;M. halterata;Megaselia halterata ;https://www.gbif.org/species/9689691;present;15;5;4;2;3.6
F15S5G4L3;M. halterata;Megaselia halterata ;https://www.gbif.org/species/9689691;present;15;5;4;3;5.4
F15S5G5L1;M. halterata;Megaselia halterata ;https://www.gbif.org/species/9689691;present;15;5;5;1;20.3
F15S5G5L2;M. halterata;Megaselia halterata ;https://www.gbif.org/species/9689691;present;15;5;5;2;15.1
F15S5G5L3;M. halterata;Megaselia halterata ;https://www.gbif.org/species/9689691;present;15;5;5;3;38.6
F15S5G6L1;M. halterata;Megaselia halterata ;https://www.gbif.org/species/9689691;present;15;5;6;1;35.7
F15S5G6L2;M. halterata;Megaselia halterata ;https://www.gbif.org/species/9689691;present;15;5;6;2;32.9
F15S5G6L3;M. halterata;Megaselia halterata ;https://www.gbif.org/species/9689691;present;15;5;6;3;69.4
F15S5G7L1;M. halterata;Megaselia halterata ;https://www.gbif.org/species/9689691;present;15;5;7;1;50.7
F15S5G7L2;M. halterata;Megaselia halterata ;https://www.gbif.org/species/9689691;present;15;5;7;2;38
F15S5G7L3;M. halterata;Megaselia halterata ;https://www.gbif.org/species/9689691;present;15;5;7;3;31.3
F15S5G8L1;M. halterata;Megaselia halterata ;https://www.gbif.org/species/9689691;present;15;5;8;1;15.8
F15S5G8L2;M. halterata;Megaselia halterata ;https://www.gbif.org/species/9689691;present;15;5;8;2;14.5
F15S5G8L3;M. halterata;Megaselia halterata ;https://www.gbif.org/species/9689691;present;15;5;8;3;18.3
F15S5G9L1;M. halterata;Megaselia halterata ;https://www.gbif.org/species/9689691;present;15;5;9;1;33.7
F15S5G9L2;M. halterata;Megaselia halterata ;https://www.gbif.org/species/9689691;present;15;5;9;2;28.3
F15S5G9L3;M. halterata;Megaselia halterata ;https://www.gbif.org/species/9689691;present;15;5;9;3;30
F16S6G1L1;M. halterata;Megaselia halterata ;https://www.gbif.org/species/9689691;absent;16;6;1;1;0
F16S6G1L2;M. halterata;Megaselia halterata ;https://www.gbif.org/species/9689691;absent;16;6;1;2;0
F16S6G1L3;M. halterata;Megaselia halterata ;https://www.gbif.org/species/9689691;absent;16;6;1;3;0
F16S6G2L1;M. halterata;Megaselia halterata ;https://www.gbif.org/species/9689691;present;16;6;2;1;3.3
F16S6G2L2;M. halterata;Megaselia halterata ;https://www.gbif.org/species/9689691;present;16;6;2;2;0.5
F16S6G2L3;M. halterata;Megaselia halterata ;https://www.gbif.org/species/9689691;present;16;6;2;3;0.8
F16S6G3L1;M. halterata;Megaselia halterata ;https://www.gbif.org/species/9689691;present;16;6;3;1;0.2
F16S6G3L2;M. halterata;Megaselia halterata ;https://www.gbif.org/species/9689691;present;16;6;3;2;0.2
F16S6G3L3;M. halterata;Megaselia halterata ;https://www.gbif.org/species/9689691;present;16;6;3;3;0.2
F16S6G4L1;M. halterata;Megaselia halterata ;https://www.gbif.org/species/9689691;present;16;6;4;1;2.5
F16S6G4L2;M. halterata;Megaselia halterata ;https://www.gbif.org/species/9689691;present;16;6;4;2;2.2
F16S6G4L3;M. halterata;Megaselia halterata ;https://www.gbif.org/species/9689691;present;16;6;4;3;2.2
F16S6G5L1;M. halterata;Megaselia halterata ;https://www.gbif.org/species/9689691;present;16;6;5;1;1.3
F16S6G5L2;M. halterata;Megaselia halterata ;https://www.gbif.org/species/9689691;present;16;6;5;2;0.3
F16S6G5L3;M. halterata;Megaselia halterata ;https://www.gbif.org/species/9689691;present;16;6;5;3;0.8
F16S6G6L1;M. halterata;Megaselia halterata ;https://www.gbif.org/species/9689691;present;16;6;6;1;0.8
F16S6G6L2;M. halterata;Megaselia halterata ;https://www.gbif.org/species/9689691;present;16;6;6;2;0.5
F16S6G6L3;M. halterata;Megaselia halterata ;https://www.gbif.org/species/9689691;present;16;6;6;3;1
F16S6G7L1;M. halterata;Megaselia halterata ;https://www.gbif.org/species/9689691;present;16;6;7;1;4.8
F16S6G7L2;M. halterata;Megaselia halterata ;https://www.gbif.org/species/9689691;present;16;6;7;2;0.8
F16S6G7L3;M. halterata;Megaselia halterata ;https://www.gbif.org/species/9689691;present;16;6;7;3;1.8
F16S6G8L1;M. halterata;Megaselia halterata ;https://www.gbif.org/species/9689691;present;16;6;8;1;7
F16S6G8L2;M. halterata;Megaselia halterata ;https://www.gbif.org/species/9689691;present;16;6;8;2;3.3
F16S6G8L3;M. halterata;Megaselia halterata ;https://www.gbif.org/species/9689691;present;16;6;8;3;2
F16S6G9L1;M. halterata;Megaselia halterata ;https://www.gbif.org/species/9689691;present;16;6;9;1;6.6
F16S6G9L2;M. halterata;Megaselia halterata ;https://www.gbif.org/species/9689691;present;16;6;9;2;1.6
F16S6G9L3;M. halterata;Megaselia halterata ;https://www.gbif.org/species/9689691;present;16;6;9;3;1.8
F17S6G1L1;M. halterata;Megaselia halterata ;https://www.gbif.org/species/9689691;absent;17;6;1;1;0
F17S6G1L2;M. halterata;Megaselia halterata ;https://www.gbif.org/species/9689691;absent;17;6;1;2;0
F17S6G1L3;M. halterata;Megaselia halterata ;https://www.gbif.org/species/9689691;absent;17;6;1;3;0
F17S6G2L1;M. halterata;Megaselia halterata ;https://www.gbif.org/species/9689691;present;17;6;2;1;0.7
F17S6G2L2;M. halterata;Megaselia halterata ;https://www.gbif.org/species/9689691;present;17;6;2;2;0.2
F17S6G2L3;M. halterata;Megaselia halterata ;https://www.gbif.org/species/9689691;present;17;6;2;3;0.4
F17S6G3L1;M. halterata;Megaselia halterata ;https://www.gbif.org/species/9689691;present;17;6;3;1;1
F17S6G3L2;M. halterata;Megaselia halterata ;https://www.gbif.org/species/9689691;present;17;6;3;2;0.9
F17S6G3L3;M. halterata;Megaselia halterata ;https://www.gbif.org/species/9689691;present;17;6;3;3;3.2
F17S6G4L1;M. halterata;Megaselia halterata ;https://www.gbif.org/species/9689691;present;17;6;4;1;0.6
F17S6G4L2;M. halterata;Megaselia halterata ;https://www.gbif.org/species/9689691;present;17;6;4;2;0.1
F17S6G4L3;M. halterata;Megaselia halterata ;https://www.gbif.org/species/9689691;present;17;6;4;3;2.6
F17S6G5L1;M. halterata;Megaselia halterata ;https://www.gbif.org/species/9689691;present;17;6;5;1;1
F17S6G5L2;M. halterata;Megaselia halterata ;https://www.gbif.org/species/9689691;present;17;6;5;2;0.3
F17S6G5L3;M. halterata;Megaselia halterata ;https://www.gbif.org/species/9689691;present;17;6;5;3;2
F17S6G6L1;M. halterata;Megaselia halterata ;https://www.gbif.org/species/9689691;present;17;6;6;1;1.1
F17S6G6L2;M. halterata;Megaselia halterata ;https://www.gbif.org/species/9689691;present;17;6;6;2;1.1
F17S6G6L3;M. halterata;Megaselia halterata ;https://www.gbif.org/species/9689691;present;17;6;6;3;3.3
F17S6G7L1;M. halterata;Megaselia halterata ;https://www.gbif.org/species/9689691;absent;17;6;7;1;0
F17S6G7L2;M. halterata;Megaselia halterata ;https://www.gbif.org/species/9689691;present;17;6;7;2;0.4
F17S6G7L3;M. halterata;Megaselia halterata ;https://www.gbif.org/species/9689691;present;17;6;7;3;0.8
F17S6G8L1;M. halterata;Megaselia halterata ;https://www.gbif.org/species/9689691;absent;17;6;8;1;0
F17S6G8L2;M. halterata;Megaselia halterata ;https://www.gbif.org/species/9689691;absent;17;6;8;2;0
F17S6G8L3;M. halterata;Megaselia halterata ;https://www.gbif.org/species/9689691;present;17;6;8;3;0.2
F17S6G9L1;M. halterata;Megaselia halterata ;https://www.gbif.org/species/9689691;present;17;6;9;1;0.1
F17S6G9L2;M. halterata;Megaselia halterata ;https://www.gbif.org/species/9689691;present;17;6;9;2;0.1
F17S6G9L3;M. halterata;Megaselia halterata ;https://www.gbif.org/species/9689691;present;17;6;9;3;0.4
F18S6G1L1;M. halterata;Megaselia halterata ;https://www.gbif.org/species/9689691;absent;18;6;1;1;0
F18S6G1L2;M. halterata;Megaselia halterata ;https://www.gbif.org/species/9689691;absent;18;6;1;2;0
F18S6G1L3;M. halterata;Megaselia halterata ;https://www.gbif.org/species/9689691;absent;18;6;1;3;0
F18S6G2L1;M. halterata;Megaselia halterata ;https://www.gbif.org/species/9689691;present;18;6;2;1;1.3
F18S6G2L2;M. halterata;Megaselia halterata ;https://www.gbif.org/species/9689691;present;18;6;2;2;0.4
F18S6G2L3;M. halterata;Megaselia halterata ;https://www.gbif.org/species/9689691;present;18;6;2;3;3.3
F18S6G3L1;M. halterata;Megaselia halterata ;https://www.gbif.org/species/9689691;present;18;6;3;1;1.4
F18S6G3L2;M. halterata;Megaselia halterata ;https://www.gbif.org/species/9689691;present;18;6;3;2;0.4
F18S6G3L3;M. halterata;Megaselia halterata ;https://www.gbif.org/species/9689691;present;18;6;3;3;2.4
F18S6G4L1;M. halterata;Megaselia halterata ;https://www.gbif.org/species/9689691;present;18;6;4;1;1.3
F18S6G4L2;M. halterata;Megaselia halterata ;https://www.gbif.org/species/9689691;present;18;6;4;2;0.6
F18S6G4L3;M. halterata;Megaselia halterata ;https://www.gbif.org/species/9689691;present;18;6;4;3;2.1
F18S6G5L1;M. halterata;Megaselia halterata ;https://www.gbif.org/species/9689691;present;18;6;5;1;0.9
F18S6G5L2;M. halterata;Megaselia halterata ;https://www.gbif.org/species/9689691;present;18;6;5;2;1.7
F18S6G5L3;M. halterata;Megaselia halterata ;https://www.gbif.org/species/9689691;present;18;6;5;3;6.7
F18S6G6L1;M. halterata;Megaselia halterata ;https://www.gbif.org/species/9689691;present;18;6;6;1;5
F18S6G6L2;M. halterata;Megaselia halterata ;https://www.gbif.org/species/9689691;present;18;6;6;2;10.9
F18S6G6L3;M. halterata;Megaselia halterata ;https://www.gbif.org/species/9689691;present;18;6;6;3;59
F18S6G7L1;M. halterata;Megaselia halterata ;https://www.gbif.org/species/9689691;present;18;6;7;1;8.8
F18S6G7L2;M. halterata;Megaselia halterata ;https://www.gbif.org/species/9689691;present;18;6;7;2;12.9
F18S6G7L3;M. halterata;Megaselia halterata ;https://www.gbif.org/species/9689691;present;18;6;7;3;56.8
F18S6G8L1;M. halterata;Megaselia halterata ;https://www.gbif.org/species/9689691;present;18;6;8;1;2
F18S6G8L2;M. halterata;Megaselia halterata ;https://www.gbif.org/species/9689691;present;18;6;8;2;4
F18S6G8L3;M. halterata;Megaselia halterata ;https://www.gbif.org/species/9689691;present;18;6;8;3;14.6
F18S6G9L1;M. halterata;Megaselia halterata ;https://www.gbif.org/species/9689691;present;18;6;9;1;0.6
F18S6G9L2;M. halterata;Megaselia halterata ;https://www.gbif.org/species/9689691;present;18;6;9;2;1.3
F18S6G9L3;M. halterata;Megaselia halterata ;https://www.gbif.org/species/9689691;present;18;6;9;3;8.6
